{
    "Volumen_Effects": 52.0,
    "Volumen_Music": 29.499998092651367,
    "sizeFilledBar_Effects": {
        "x": 104.0,
        "y": 10.0
    },
    "sizeFilledBar_Music": {
        "x": 58.999996185302734,
        "y": 10.0
    },
    "thumbPosition_Effects": {
        "x": 291.5,
        "y": 392.5
    },
    "thumbPosition_Music": {
        "x": 246.5,
        "y": 292.5
    }
}